SampleName,ZeroToSixty,PowerHP,IsCar,IsSUV
c1,-1.668595375,-0.128677136,1,0
c2,-0.943119125,0.019796482,1,0
c3,-0.943119125,-0.871045229,1,0
c4,1.233309625,-1.662904528,1,0
c5,0.507833375,-1.167992466,1,0
s1,0.14509525,0.663182163,0,1
s2,1.59604775,-0.128677136,0,1
s3,-0.217642875,0.910638194,0,1
s4,0.14509525,1.257076637,0,1
s5,0.14509525,1.108603019,0,1
